BEGIN;

INSERT INTO "permissions" ("id", "resource", "action") VALUES

('perm_sales_view', 'SALES', 'VIEW'),
('perm_sales_create', 'SALES', 'CREATE'),
('perm_sales_edit', 'SALES', 'EDIT'),
('perm_sales_approve', 'SALES', 'APPROVE'),
('perm_sales_cancel', 'SALES', 'CANCEL'),
('perm_sales_delete', 'SALES', 'DELETE'),
('perm_sales_export', 'SALES', 'EXPORT'),
('perm_products_view', 'PRODUCTS', 'VIEW'),
('perm_products_create', 'PRODUCTS', 'CREATE'),
('perm_products_edit', 'PRODUCTS', 'EDIT'),
('perm_products_approve', 'PRODUCTS', 'APPROVE'),
('perm_products_cancel', 'PRODUCTS', 'CANCEL'),
('perm_products_delete', 'PRODUCTS', 'DELETE'),
('perm_products_export', 'PRODUCTS', 'EXPORT'),
('perm_stock_view', 'STOCK', 'VIEW'),
('perm_stock_create', 'STOCK', 'CREATE'),
('perm_stock_edit', 'STOCK', 'EDIT'),
('perm_stock_approve', 'STOCK', 'APPROVE'),
('perm_stock_cancel', 'STOCK', 'CANCEL'),
('perm_stock_delete', 'STOCK', 'DELETE'),
('perm_stock_export', 'STOCK', 'EXPORT'),
('perm_purchases_view', 'PURCHASES', 'VIEW'),
('perm_purchases_create', 'PURCHASES', 'CREATE'),
('perm_purchases_edit', 'PURCHASES', 'EDIT'),
('perm_purchases_approve', 'PURCHASES', 'APPROVE'),
('perm_purchases_cancel', 'PURCHASES', 'CANCEL'),
('perm_purchases_delete', 'PURCHASES', 'DELETE'),
('perm_purchases_export', 'PURCHASES', 'EXPORT'),
('perm_customers_view', 'CUSTOMERS', 'VIEW'),
('perm_customers_create', 'CUSTOMERS', 'CREATE'),
('perm_customers_edit', 'CUSTOMERS', 'EDIT'),
('perm_customers_approve', 'CUSTOMERS', 'APPROVE'),
('perm_customers_cancel', 'CUSTOMERS', 'CANCEL'),
('perm_customers_delete', 'CUSTOMERS', 'DELETE'),
('perm_customers_export', 'CUSTOMERS', 'EXPORT'),
('perm_suppliers_view', 'SUPPLIERS', 'VIEW'),
('perm_suppliers_create', 'SUPPLIERS', 'CREATE'),
('perm_suppliers_edit', 'SUPPLIERS', 'EDIT'),
('perm_suppliers_approve', 'SUPPLIERS', 'APPROVE'),
('perm_suppliers_cancel', 'SUPPLIERS', 'CANCEL'),
('perm_suppliers_delete', 'SUPPLIERS', 'DELETE'),
('perm_suppliers_export', 'SUPPLIERS', 'EXPORT'),
('perm_employees_view', 'EMPLOYEES', 'VIEW'),
('perm_employees_create', 'EMPLOYEES', 'CREATE'),
('perm_employees_edit', 'EMPLOYEES', 'EDIT'),
('perm_employees_approve', 'EMPLOYEES', 'APPROVE'),
('perm_employees_cancel', 'EMPLOYEES', 'CANCEL'),
('perm_employees_delete', 'EMPLOYEES', 'DELETE'),
('perm_employees_export', 'EMPLOYEES', 'EXPORT'),
('perm_expenses_view', 'EXPENSES', 'VIEW'),
('perm_expenses_create', 'EXPENSES', 'CREATE'),
('perm_expenses_edit', 'EXPENSES', 'EDIT'),
('perm_expenses_approve', 'EXPENSES', 'APPROVE'),
('perm_expenses_cancel', 'EXPENSES', 'CANCEL'),
('perm_expenses_delete', 'EXPENSES', 'DELETE'),
('perm_expenses_export', 'EXPENSES', 'EXPORT'),
('perm_reports_view', 'REPORTS', 'VIEW'),
('perm_reports_create', 'REPORTS', 'CREATE'),
('perm_reports_edit', 'REPORTS', 'EDIT'),
('perm_reports_approve', 'REPORTS', 'APPROVE'),
('perm_reports_cancel', 'REPORTS', 'CANCEL'),
('perm_reports_delete', 'REPORTS', 'DELETE'),
('perm_reports_export', 'REPORTS', 'EXPORT'),
('perm_prescriptions_view', 'PRESCRIPTIONS', 'VIEW'),
('perm_prescriptions_create', 'PRESCRIPTIONS', 'CREATE'),
('perm_prescriptions_edit', 'PRESCRIPTIONS', 'EDIT'),
('perm_prescriptions_approve', 'PRESCRIPTIONS', 'APPROVE'),
('perm_prescriptions_cancel', 'PRESCRIPTIONS', 'CANCEL'),
('perm_prescriptions_delete', 'PRESCRIPTIONS', 'DELETE'),
('perm_prescriptions_export', 'PRESCRIPTIONS', 'EXPORT'),
('perm_pricing_view', 'PRICING', 'VIEW'),
('perm_pricing_create', 'PRICING', 'CREATE'),
('perm_pricing_edit', 'PRICING', 'EDIT'),
('perm_pricing_approve', 'PRICING', 'APPROVE'),
('perm_pricing_cancel', 'PRICING', 'CANCEL'),
('perm_pricing_delete', 'PRICING', 'DELETE'),
('perm_pricing_export', 'PRICING', 'EXPORT'),
('perm_transfers_view', 'TRANSFERS', 'VIEW'),
('perm_transfers_create', 'TRANSFERS', 'CREATE'),
('perm_transfers_edit', 'TRANSFERS', 'EDIT'),
('perm_transfers_approve', 'TRANSFERS', 'APPROVE'),
('perm_transfers_cancel', 'TRANSFERS', 'CANCEL'),
('perm_transfers_delete', 'TRANSFERS', 'DELETE'),
('perm_transfers_export', 'TRANSFERS', 'EXPORT'),
('perm_returns_view', 'RETURNS', 'VIEW'),
('perm_returns_create', 'RETURNS', 'CREATE'),
('perm_returns_edit', 'RETURNS', 'EDIT'),
('perm_returns_approve', 'RETURNS', 'APPROVE'),
('perm_returns_cancel', 'RETURNS', 'CANCEL'),
('perm_returns_delete', 'RETURNS', 'DELETE'),
('perm_returns_export', 'RETURNS', 'EXPORT'),
('perm_branches_view', 'BRANCHES', 'VIEW'),
('perm_branches_create', 'BRANCHES', 'CREATE'),
('perm_branches_edit', 'BRANCHES', 'EDIT'),
('perm_branches_approve', 'BRANCHES', 'APPROVE'),
('perm_branches_cancel', 'BRANCHES', 'CANCEL'),
('perm_branches_delete', 'BRANCHES', 'DELETE'),
('perm_branches_export', 'BRANCHES', 'EXPORT'),
('perm_settings_view', 'SETTINGS', 'VIEW'),
('perm_settings_create', 'SETTINGS', 'CREATE'),
('perm_settings_edit', 'SETTINGS', 'EDIT'),
('perm_settings_approve', 'SETTINGS', 'APPROVE'),
('perm_settings_cancel', 'SETTINGS', 'CANCEL'),
('perm_settings_delete', 'SETTINGS', 'DELETE'),
('perm_settings_export', 'SETTINGS', 'EXPORT'),
('perm_patients_view', 'PATIENTS', 'VIEW'),
('perm_patients_create', 'PATIENTS', 'CREATE'),
('perm_patients_edit', 'PATIENTS', 'EDIT'),
('perm_patients_approve', 'PATIENTS', 'APPROVE'),
('perm_patients_cancel', 'PATIENTS', 'CANCEL'),
('perm_patients_delete', 'PATIENTS', 'DELETE'),
('perm_patients_export', 'PATIENTS', 'EXPORT'),
('perm_care_plans_view', 'CARE_PLANS', 'VIEW'),
('perm_care_plans_create', 'CARE_PLANS', 'CREATE'),
('perm_care_plans_edit', 'CARE_PLANS', 'EDIT'),
('perm_care_plans_approve', 'CARE_PLANS', 'APPROVE'),
('perm_care_plans_cancel', 'CARE_PLANS', 'CANCEL'),
('perm_care_plans_delete', 'CARE_PLANS', 'DELETE'),
('perm_care_plans_export', 'CARE_PLANS', 'EXPORT'),
('perm_orders_view', 'ORDERS', 'VIEW'),
('perm_orders_create', 'ORDERS', 'CREATE'),
('perm_orders_edit', 'ORDERS', 'EDIT'),
('perm_orders_approve', 'ORDERS', 'APPROVE'),
('perm_orders_cancel', 'ORDERS', 'CANCEL'),
('perm_orders_delete', 'ORDERS', 'DELETE'),
('perm_orders_export', 'ORDERS', 'EXPORT'),
('perm_deliveries_view', 'DELIVERIES', 'VIEW'),
('perm_deliveries_create', 'DELIVERIES', 'CREATE'),
('perm_deliveries_edit', 'DELIVERIES', 'EDIT'),
('perm_deliveries_approve', 'DELIVERIES', 'APPROVE'),
('perm_deliveries_cancel', 'DELIVERIES', 'CANCEL'),
('perm_deliveries_delete', 'DELIVERIES', 'DELETE'),
('perm_deliveries_export', 'DELIVERIES', 'EXPORT')
ON CONFLICT ("resource", "action") DO UPDATE SET "id" = EXCLUDED."id", "resource" = EXCLUDED."resource", "action" = EXCLUDED."action";

INSERT INTO "roles" ("id", "organisationId", "name", "isSystemDefault") VALUES

('role_super_admin', NULL, 'super_admin', true),
('role_head_office_admin', NULL, 'head_office_admin', true),
('role_regional_manager', NULL, 'regional_manager', true),
('role_branch_manager', NULL, 'branch_manager', true),
('role_superintendent_pharmacist', NULL, 'superintendent_pharmacist', true),
('role_pharmacy_technician', NULL, 'pharmacy_technician', true),
('role_cashier', NULL, 'cashier', true),
('role_inventory_officer', NULL, 'inventory_officer', true),
('role_procurement_officer', NULL, 'procurement_officer', true),
('role_warehouse_manager', NULL, 'warehouse_manager', true),
('role_accountant', NULL, 'accountant', true),
('role_auditor', NULL, 'auditor', true),
('role_delivery_rider', NULL, 'delivery_rider', true)
ON CONFLICT ("id") DO UPDATE SET "name" = EXCLUDED."name", "isSystemDefault" = true;

DELETE FROM "role_permissions" WHERE "roleId" IN ('role_super_admin', 'role_head_office_admin', 'role_regional_manager', 'role_branch_manager', 'role_superintendent_pharmacist', 'role_pharmacy_technician', 'role_cashier', 'role_inventory_officer', 'role_procurement_officer', 'role_warehouse_manager', 'role_accountant', 'role_auditor', 'role_delivery_rider');

INSERT INTO "role_permissions" ("roleId", "permissionId") VALUES

('role_super_admin', 'perm_sales_view'),
('role_super_admin', 'perm_sales_create'),
('role_super_admin', 'perm_sales_edit'),
('role_super_admin', 'perm_sales_approve'),
('role_super_admin', 'perm_sales_cancel'),
('role_super_admin', 'perm_sales_delete'),
('role_super_admin', 'perm_sales_export'),
('role_super_admin', 'perm_products_view'),
('role_super_admin', 'perm_products_create'),
('role_super_admin', 'perm_products_edit'),
('role_super_admin', 'perm_products_approve'),
('role_super_admin', 'perm_products_cancel'),
('role_super_admin', 'perm_products_delete'),
('role_super_admin', 'perm_products_export'),
('role_super_admin', 'perm_stock_view'),
('role_super_admin', 'perm_stock_create'),
('role_super_admin', 'perm_stock_edit'),
('role_super_admin', 'perm_stock_approve'),
('role_super_admin', 'perm_stock_cancel'),
('role_super_admin', 'perm_stock_delete'),
('role_super_admin', 'perm_stock_export'),
('role_super_admin', 'perm_purchases_view'),
('role_super_admin', 'perm_purchases_create'),
('role_super_admin', 'perm_purchases_edit'),
('role_super_admin', 'perm_purchases_approve'),
('role_super_admin', 'perm_purchases_cancel'),
('role_super_admin', 'perm_purchases_delete'),
('role_super_admin', 'perm_purchases_export'),
('role_super_admin', 'perm_customers_view'),
('role_super_admin', 'perm_customers_create'),
('role_super_admin', 'perm_customers_edit'),
('role_super_admin', 'perm_customers_approve'),
('role_super_admin', 'perm_customers_cancel'),
('role_super_admin', 'perm_customers_delete'),
('role_super_admin', 'perm_customers_export'),
('role_super_admin', 'perm_suppliers_view'),
('role_super_admin', 'perm_suppliers_create'),
('role_super_admin', 'perm_suppliers_edit'),
('role_super_admin', 'perm_suppliers_approve'),
('role_super_admin', 'perm_suppliers_cancel'),
('role_super_admin', 'perm_suppliers_delete'),
('role_super_admin', 'perm_suppliers_export'),
('role_super_admin', 'perm_employees_view'),
('role_super_admin', 'perm_employees_create'),
('role_super_admin', 'perm_employees_edit'),
('role_super_admin', 'perm_employees_approve'),
('role_super_admin', 'perm_employees_cancel'),
('role_super_admin', 'perm_employees_delete'),
('role_super_admin', 'perm_employees_export'),
('role_super_admin', 'perm_expenses_view'),
('role_super_admin', 'perm_expenses_create'),
('role_super_admin', 'perm_expenses_edit'),
('role_super_admin', 'perm_expenses_approve'),
('role_super_admin', 'perm_expenses_cancel'),
('role_super_admin', 'perm_expenses_delete'),
('role_super_admin', 'perm_expenses_export'),
('role_super_admin', 'perm_reports_view'),
('role_super_admin', 'perm_reports_create'),
('role_super_admin', 'perm_reports_edit'),
('role_super_admin', 'perm_reports_approve'),
('role_super_admin', 'perm_reports_cancel'),
('role_super_admin', 'perm_reports_delete'),
('role_super_admin', 'perm_reports_export'),
('role_super_admin', 'perm_prescriptions_view'),
('role_super_admin', 'perm_prescriptions_create'),
('role_super_admin', 'perm_prescriptions_edit'),
('role_super_admin', 'perm_prescriptions_approve'),
('role_super_admin', 'perm_prescriptions_cancel'),
('role_super_admin', 'perm_prescriptions_delete'),
('role_super_admin', 'perm_prescriptions_export'),
('role_super_admin', 'perm_pricing_view'),
('role_super_admin', 'perm_pricing_create'),
('role_super_admin', 'perm_pricing_edit'),
('role_super_admin', 'perm_pricing_approve'),
('role_super_admin', 'perm_pricing_cancel'),
('role_super_admin', 'perm_pricing_delete'),
('role_super_admin', 'perm_pricing_export'),
('role_super_admin', 'perm_transfers_view'),
('role_super_admin', 'perm_transfers_create'),
('role_super_admin', 'perm_transfers_edit'),
('role_super_admin', 'perm_transfers_approve'),
('role_super_admin', 'perm_transfers_cancel'),
('role_super_admin', 'perm_transfers_delete'),
('role_super_admin', 'perm_transfers_export'),
('role_super_admin', 'perm_returns_view'),
('role_super_admin', 'perm_returns_create'),
('role_super_admin', 'perm_returns_edit'),
('role_super_admin', 'perm_returns_approve'),
('role_super_admin', 'perm_returns_cancel'),
('role_super_admin', 'perm_returns_delete'),
('role_super_admin', 'perm_returns_export'),
('role_super_admin', 'perm_branches_view'),
('role_super_admin', 'perm_branches_create'),
('role_super_admin', 'perm_branches_edit'),
('role_super_admin', 'perm_branches_approve'),
('role_super_admin', 'perm_branches_cancel'),
('role_super_admin', 'perm_branches_delete'),
('role_super_admin', 'perm_branches_export'),
('role_super_admin', 'perm_settings_view'),
('role_super_admin', 'perm_settings_create'),
('role_super_admin', 'perm_settings_edit'),
('role_super_admin', 'perm_settings_approve'),
('role_super_admin', 'perm_settings_cancel'),
('role_super_admin', 'perm_settings_delete'),
('role_super_admin', 'perm_settings_export'),
('role_super_admin', 'perm_patients_view'),
('role_super_admin', 'perm_patients_create'),
('role_super_admin', 'perm_patients_edit'),
('role_super_admin', 'perm_patients_approve'),
('role_super_admin', 'perm_patients_cancel'),
('role_super_admin', 'perm_patients_delete'),
('role_super_admin', 'perm_patients_export'),
('role_super_admin', 'perm_care_plans_view'),
('role_super_admin', 'perm_care_plans_create'),
('role_super_admin', 'perm_care_plans_edit'),
('role_super_admin', 'perm_care_plans_approve'),
('role_super_admin', 'perm_care_plans_cancel'),
('role_super_admin', 'perm_care_plans_delete'),
('role_super_admin', 'perm_care_plans_export'),
('role_super_admin', 'perm_orders_view'),
('role_super_admin', 'perm_orders_create'),
('role_super_admin', 'perm_orders_edit'),
('role_super_admin', 'perm_orders_approve'),
('role_super_admin', 'perm_orders_cancel'),
('role_super_admin', 'perm_orders_delete'),
('role_super_admin', 'perm_orders_export'),
('role_super_admin', 'perm_deliveries_view'),
('role_super_admin', 'perm_deliveries_create'),
('role_super_admin', 'perm_deliveries_edit'),
('role_super_admin', 'perm_deliveries_approve'),
('role_super_admin', 'perm_deliveries_cancel'),
('role_super_admin', 'perm_deliveries_delete'),
('role_super_admin', 'perm_deliveries_export'),
('role_head_office_admin', 'perm_sales_view'),
('role_head_office_admin', 'perm_sales_edit'),
('role_head_office_admin', 'perm_sales_approve'),
('role_head_office_admin', 'perm_sales_export'),
('role_head_office_admin', 'perm_products_view'),
('role_head_office_admin', 'perm_products_create'),
('role_head_office_admin', 'perm_products_edit'),
('role_head_office_admin', 'perm_stock_view'),
('role_head_office_admin', 'perm_stock_edit'),
('role_head_office_admin', 'perm_stock_approve'),
('role_head_office_admin', 'perm_purchases_view'),
('role_head_office_admin', 'perm_purchases_create'),
('role_head_office_admin', 'perm_purchases_edit'),
('role_head_office_admin', 'perm_purchases_approve'),
('role_head_office_admin', 'perm_customers_view'),
('role_head_office_admin', 'perm_customers_edit'),
('role_head_office_admin', 'perm_suppliers_view'),
('role_head_office_admin', 'perm_suppliers_create'),
('role_head_office_admin', 'perm_suppliers_edit'),
('role_head_office_admin', 'perm_employees_view'),
('role_head_office_admin', 'perm_employees_create'),
('role_head_office_admin', 'perm_employees_edit'),
('role_head_office_admin', 'perm_expenses_view'),
('role_head_office_admin', 'perm_expenses_approve'),
('role_head_office_admin', 'perm_expenses_export'),
('role_head_office_admin', 'perm_reports_view'),
('role_head_office_admin', 'perm_reports_export'),
('role_head_office_admin', 'perm_prescriptions_view'),
('role_head_office_admin', 'perm_pricing_view'),
('role_head_office_admin', 'perm_pricing_edit'),
('role_head_office_admin', 'perm_transfers_view'),
('role_head_office_admin', 'perm_transfers_approve'),
('role_head_office_admin', 'perm_returns_view'),
('role_head_office_admin', 'perm_returns_approve'),
('role_head_office_admin', 'perm_branches_view'),
('role_head_office_admin', 'perm_orders_view'),
('role_head_office_admin', 'perm_deliveries_view'),
('role_regional_manager', 'perm_sales_view'),
('role_regional_manager', 'perm_sales_approve'),
('role_regional_manager', 'perm_sales_export'),
('role_regional_manager', 'perm_products_view'),
('role_regional_manager', 'perm_stock_view'),
('role_regional_manager', 'perm_stock_edit'),
('role_regional_manager', 'perm_stock_approve'),
('role_regional_manager', 'perm_purchases_view'),
('role_regional_manager', 'perm_purchases_create'),
('role_regional_manager', 'perm_purchases_approve'),
('role_regional_manager', 'perm_customers_view'),
('role_regional_manager', 'perm_suppliers_view'),
('role_regional_manager', 'perm_employees_view'),
('role_regional_manager', 'perm_employees_create'),
('role_regional_manager', 'perm_employees_edit'),
('role_regional_manager', 'perm_expenses_view'),
('role_regional_manager', 'perm_expenses_approve'),
('role_regional_manager', 'perm_reports_view'),
('role_regional_manager', 'perm_reports_export'),
('role_regional_manager', 'perm_prescriptions_view'),
('role_regional_manager', 'perm_pricing_view'),
('role_regional_manager', 'perm_transfers_view'),
('role_regional_manager', 'perm_transfers_approve'),
('role_regional_manager', 'perm_returns_view'),
('role_regional_manager', 'perm_returns_approve'),
('role_regional_manager', 'perm_branches_view'),
('role_regional_manager', 'perm_orders_view'),
('role_regional_manager', 'perm_deliveries_view'),
('role_branch_manager', 'perm_sales_view'),
('role_branch_manager', 'perm_sales_cancel'),
('role_branch_manager', 'perm_sales_approve'),
('role_branch_manager', 'perm_products_view'),
('role_branch_manager', 'perm_stock_view'),
('role_branch_manager', 'perm_stock_edit'),
('role_branch_manager', 'perm_stock_approve'),
('role_branch_manager', 'perm_purchases_view'),
('role_branch_manager', 'perm_customers_view'),
('role_branch_manager', 'perm_suppliers_view'),
('role_branch_manager', 'perm_employees_view'),
('role_branch_manager', 'perm_employees_create'),
('role_branch_manager', 'perm_employees_edit'),
('role_branch_manager', 'perm_expenses_view'),
('role_branch_manager', 'perm_expenses_create'),
('role_branch_manager', 'perm_expenses_approve'),
('role_branch_manager', 'perm_reports_view'),
('role_branch_manager', 'perm_reports_export'),
('role_branch_manager', 'perm_prescriptions_view'),
('role_branch_manager', 'perm_pricing_view'),
('role_branch_manager', 'perm_transfers_view'),
('role_branch_manager', 'perm_transfers_create'),
('role_branch_manager', 'perm_transfers_edit'),
('role_branch_manager', 'perm_transfers_approve'),
('role_branch_manager', 'perm_transfers_cancel'),
('role_branch_manager', 'perm_returns_view'),
('role_branch_manager', 'perm_returns_approve'),
('role_branch_manager', 'perm_orders_view'),
('role_branch_manager', 'perm_orders_edit'),
('role_branch_manager', 'perm_orders_approve'),
('role_branch_manager', 'perm_orders_cancel'),
('role_branch_manager', 'perm_deliveries_view'),
('role_branch_manager', 'perm_deliveries_edit'),
('role_superintendent_pharmacist', 'perm_sales_view'),
('role_superintendent_pharmacist', 'perm_sales_approve'),
('role_superintendent_pharmacist', 'perm_products_view'),
('role_superintendent_pharmacist', 'perm_stock_view'),
('role_superintendent_pharmacist', 'perm_customers_view'),
('role_superintendent_pharmacist', 'perm_prescriptions_view'),
('role_superintendent_pharmacist', 'perm_prescriptions_create'),
('role_superintendent_pharmacist', 'perm_prescriptions_edit'),
('role_superintendent_pharmacist', 'perm_prescriptions_approve'),
('role_superintendent_pharmacist', 'perm_prescriptions_cancel'),
('role_superintendent_pharmacist', 'perm_patients_view'),
('role_superintendent_pharmacist', 'perm_patients_create'),
('role_superintendent_pharmacist', 'perm_patients_edit'),
('role_superintendent_pharmacist', 'perm_care_plans_view'),
('role_superintendent_pharmacist', 'perm_care_plans_create'),
('role_superintendent_pharmacist', 'perm_care_plans_edit'),
('role_superintendent_pharmacist', 'perm_care_plans_approve'),
('role_pharmacy_technician', 'perm_sales_view'),
('role_pharmacy_technician', 'perm_sales_create'),
('role_pharmacy_technician', 'perm_products_view'),
('role_pharmacy_technician', 'perm_stock_view'),
('role_pharmacy_technician', 'perm_customers_view'),
('role_pharmacy_technician', 'perm_prescriptions_view'),
('role_pharmacy_technician', 'perm_prescriptions_create'),
('role_pharmacy_technician', 'perm_orders_view'),
('role_pharmacy_technician', 'perm_orders_edit'),
('role_cashier', 'perm_sales_view'),
('role_cashier', 'perm_sales_create'),
('role_cashier', 'perm_products_view'),
('role_cashier', 'perm_stock_view'),
('role_cashier', 'perm_customers_view'),
('role_cashier', 'perm_customers_create'),
('role_cashier', 'perm_returns_view'),
('role_cashier', 'perm_returns_create'),
('role_cashier', 'perm_orders_view'),
('role_cashier', 'perm_orders_edit'),
('role_inventory_officer', 'perm_products_view'),
('role_inventory_officer', 'perm_stock_view'),
('role_inventory_officer', 'perm_stock_create'),
('role_inventory_officer', 'perm_stock_edit'),
('role_inventory_officer', 'perm_purchases_view'),
('role_inventory_officer', 'perm_suppliers_view'),
('role_inventory_officer', 'perm_transfers_view'),
('role_inventory_officer', 'perm_transfers_create'),
('role_inventory_officer', 'perm_transfers_edit'),
('role_inventory_officer', 'perm_transfers_cancel'),
('role_procurement_officer', 'perm_products_view'),
('role_procurement_officer', 'perm_stock_view'),
('role_procurement_officer', 'perm_purchases_view'),
('role_procurement_officer', 'perm_purchases_create'),
('role_procurement_officer', 'perm_purchases_edit'),
('role_procurement_officer', 'perm_suppliers_view'),
('role_procurement_officer', 'perm_suppliers_create'),
('role_procurement_officer', 'perm_suppliers_edit'),
('role_procurement_officer', 'perm_reports_view'),
('role_warehouse_manager', 'perm_products_view'),
('role_warehouse_manager', 'perm_stock_view'),
('role_warehouse_manager', 'perm_stock_create'),
('role_warehouse_manager', 'perm_stock_edit'),
('role_warehouse_manager', 'perm_stock_approve'),
('role_warehouse_manager', 'perm_purchases_view'),
('role_warehouse_manager', 'perm_transfers_view'),
('role_warehouse_manager', 'perm_transfers_create'),
('role_warehouse_manager', 'perm_transfers_edit'),
('role_warehouse_manager', 'perm_transfers_approve'),
('role_accountant', 'perm_sales_view'),
('role_accountant', 'perm_sales_export'),
('role_accountant', 'perm_purchases_view'),
('role_accountant', 'perm_purchases_export'),
('role_accountant', 'perm_suppliers_view'),
('role_accountant', 'perm_expenses_view'),
('role_accountant', 'perm_expenses_create'),
('role_accountant', 'perm_expenses_edit'),
('role_accountant', 'perm_expenses_export'),
('role_accountant', 'perm_reports_view'),
('role_accountant', 'perm_reports_export'),
('role_auditor', 'perm_sales_view'),
('role_auditor', 'perm_sales_export'),
('role_auditor', 'perm_products_view'),
('role_auditor', 'perm_products_export'),
('role_auditor', 'perm_stock_view'),
('role_auditor', 'perm_stock_export'),
('role_auditor', 'perm_purchases_view'),
('role_auditor', 'perm_purchases_export'),
('role_auditor', 'perm_customers_view'),
('role_auditor', 'perm_customers_export'),
('role_auditor', 'perm_suppliers_view'),
('role_auditor', 'perm_suppliers_export'),
('role_auditor', 'perm_employees_view'),
('role_auditor', 'perm_employees_export'),
('role_auditor', 'perm_expenses_view'),
('role_auditor', 'perm_expenses_export'),
('role_auditor', 'perm_reports_view'),
('role_auditor', 'perm_reports_export'),
('role_auditor', 'perm_prescriptions_view'),
('role_auditor', 'perm_prescriptions_export'),
('role_auditor', 'perm_pricing_view'),
('role_auditor', 'perm_pricing_export'),
('role_auditor', 'perm_transfers_view'),
('role_auditor', 'perm_transfers_export'),
('role_auditor', 'perm_returns_view'),
('role_auditor', 'perm_returns_export'),
('role_auditor', 'perm_branches_view'),
('role_auditor', 'perm_branches_export'),
('role_auditor', 'perm_settings_view'),
('role_auditor', 'perm_settings_export'),
('role_auditor', 'perm_patients_view'),
('role_auditor', 'perm_patients_export'),
('role_auditor', 'perm_care_plans_view'),
('role_auditor', 'perm_care_plans_export'),
('role_auditor', 'perm_orders_view'),
('role_auditor', 'perm_orders_export'),
('role_auditor', 'perm_deliveries_view'),
('role_auditor', 'perm_deliveries_export'),
('role_delivery_rider', 'perm_orders_view'),
('role_delivery_rider', 'perm_deliveries_view'),
('role_delivery_rider', 'perm_deliveries_edit')
ON CONFLICT ("roleId", "permissionId") DO NOTHING;

COMMIT;